beer_name,brewery,country,production_date
mobius,absztyfikant,Poland,2017
rowing_jack,alebrowar,Poland,2017
shake_the_world,alebrowar,Poland,2017
hula_hop,alebrowar,Poland,2017
salty_barbara,alebrowar,Poland,2017
lady_blanche_gray,alebrowar,Poland,2017
naked_mummy,alebrowar,Poland,2017
be_like_mitch,alebrowar,Poland,2017
king_of_hop,alebrowar,Poland,2017
lady_blanche_white,alebrowar,Poland,2018
el_fruttato,alebrowar,Poland,2019
golden_monk,alebrowar,Poland,2017
ortodok,alebrowar,Poland,2019
kiss_the_beast,alebrowar,Poland,2019
hop_sasa,alebrowar,Poland,2017
ris_in_peace_z_wędzonym_słodem,alebrowar,Poland,2018
ris_in_peace_śliwka,alebrowar,Poland,2017
johannes,amber,Poland,2017
Żywe,amber,Poland,2017
apa,amber,Poland,2016
koźlak,amber,Poland,2017
złote_lwy,amber,Poland,2016
grand,amber,Poland,2017
pszeniczniak,amber,Poland,2017
czarny_bez,amber,Poland,2017
pszeniczniak_v2,amber,Poland,2017
po_godzinach_-_apple_wheat,amber,Poland,2016
po_godzinach_-_barely_wine,amber,Poland,2017
po_godzinach_-_saison_na_madagaskar,amber,Poland,2017
po_godzinach_-_marcowe,amber,Poland,2017
po_godzinach_-_ipl,amber,Poland,2017
po_godzinach_-_cherry_milk_stout,amber,Poland,2017
po_godzinach_-_hippyskus,amber,Poland,2018
po_godzinach_-_rabarbeer,amber,Poland,2020
po_godzinach_-_double_ipa,amber,Poland,2019
po_godzinach_-_bezalkoholowe,amber,Poland,2019
po_godzinach_-_Śliwka_na_bocku,amber,Poland,2019
po_godzinach_-_summer_end_ale,amber,Poland,2019
kopernik,amber,Poland,2017
amber_naturalny,amber,Poland,2017
antybiotyk,antybrowar,Poland,2016
antylopa,antybrowar,Poland,2016
antypasti,antybrowar,Poland,2016
antykwariat,antybrowar,Poland,2016
propaganda,antybrowar,Poland,2016
prokreacja,antybrowar,Poland,2016
proporcja,antybrowar,Poland,2016
proca,antybrowar,Poland,2016
prosiak,antybrowar,Poland,2016
promocja,antybrowar,Poland,2016
białe_ipa,artezan,Poland,2017
cymbopogon,artezan,Poland,2017
czarna_wołga,artezan,Poland,2017
mera,artezan,Poland,2017
bałwan,artezan,Poland,2017
vi,artezan,Poland,2018
chociaż_tyle,artezan,Poland,2019
witam,artezan,Poland,2019
owoce_wspierają_kraft,artezan,Poland,2018
w_szkole_byłem_mistrzem_pingla,artezan,Poland,2017
pacific,artezan,Poland,2017
session_ipa,baba_jaga,Poland,2017
session_ipa_cranberry,baba_jaga,Poland,2017
chmielarka_oktawa_polskie_pale_ale,baba_jaga,Poland,2016
hoporaptus,baba_jaga,Poland,2016
ouatmeal_stout,bastion,Poland,2018
"american_wheat-brzoskw,_mango,_jalap",bastion,Poland,2018
vermont_ipa,bastion,Poland,2018
american_pale_ale,bastion,Poland,2018
vermont_ipa_v2,bastion,Poland,2018
saison_polish_ipa,bastion,Poland,2018
czarna_mańka,bazyliszek,Poland,2017
złota_kaczka,bazyliszek,Poland,2017
american_psycho_ipa,bazyliszek,Poland,2017
chmieloniada,bazyliszek,Poland,2017
loco_loco,beer_bros,Poland,2016
hopsztos,beer_bros,Poland,2018
kwassiflora,beer_bros,Poland,2017
wahacz,beer_bros,Poland,2018
siemango,beer_bros,Poland,2018
krak,beer_city,Poland,2018
mnisze,benedictus_memes,Poland,2018
szafarza,benedictus_memes,Poland,2018
tynieckie,benedictus_memes,Poland,2019
powdermam,birbant,Poland,2017
old_ale,birbant,Poland,2017
10_hops,birbant,Poland,2017
red_aipa,birbant,Poland,2017
jamarillo,birbant,Poland,2017
jules,birbant,Poland,2018
sensei,birbant,Poland,2017
dr_ipa,birbant,Poland,2018
abw,birbant,Poland,2018
atomic_lucy,birbant,Poland,2018
bara_cuda,birbant,Poland,2018
hops_bant-_citra_ipa,birbant,Poland,2017
hops_bant-milkshake,birbant,Poland,2017
hops_bant-fresh_ipa,birbant,Poland,2017
klasyczny_weizen,birbant,Poland,2018
hamerica,birbant,Poland,2017
ris,birbant,Poland,2016
bolek,bk,Poland,2018
kaczor,bk,Poland,2018
boss_mocny_black,boss,Poland,1995
boss_mocny_green,boss,Poland,1995
boss_mocny_black_small,boss,Poland,1995
california_,brodacz,Poland,2019
primavera,brodacz,Poland,2018
fruttato,brodacz,Poland,2019
lighthouse,brodacz,Poland,2020
sunset,brodacz,Poland,2020
bryza,brodacz,Poland,2020
playground_grapefruit&rosemary_apa,brodacz,Poland,2019
playground_ddh_neipa_simcoe+citra,brodacz,Poland,2019
playground_ddh_neipa_simcoe_+mosaic,brodacz,Poland,2019
the_waiter,brokreacja,Poland,2016
the_alchemist,brokreacja,Poland,2017
the_nurse,brokreacja,Poland,2017
the_dealer,brokreacja,Poland,2017
the_lumberjack,brokreacja,Poland,2016
the_miner,brokreacja,Poland,2017
the_dancer,brokreacja,Poland,2017
the_teacher,brokreacja,Poland,2017
the_barber,brokreacja,Poland,2018
the_actor,brokreacja,Poland,2018
the_butcher,brokreacja,Poland,2018
fuck_the_boundaries,brokreacja,Poland,2018
wine_cake,brokreacja,Poland,2017
corripa,brokreacja,Poland,2019
santa_brewer_2017,brokreacja,Poland,2017
certain_death,brokreacja,Poland,2017
the_gravedigger_bowmore_ba,brokreacja,Poland,2019
the_gravedigger_laphroaig_10_ba,brokreacja,Poland,2019
the_gravedigger_bourbon_ba,brokreacja,Poland,2019
wielka_ipa,broszka,Poland,2018
fuck_diet,browanza,Poland,2018
la_siesta,browars,Poland,2017
fakir,browars,Poland,2017
jaśnie_pian,browars,Poland,2017
hopin,browars,Poland,2017
koala,browars,Poland,2017
one_hop,browars,Poland,2018
japan_san,browars,Poland,2019
piwo_limanowskie_ale,browars,Poland,2017
_piwo_limanowskie_lager,browars,Poland,2018
piwo_limanowskie_marcowe,browars,Poland,2018
piwo_limanowskie_pszeniczne,browars,Poland,2018
galicyjskie_lager,browars,Poland,2018
lager,browars,Poland,2019
ale,browars,Poland,2019
pilzner,browars,Poland,2019
tatrzańskie_lager,browars,Poland,2020
chochołowskie_jasne,browars,Poland,2019
koledzy_przyszli,browincja,Poland,2018
dobry_początek,browincja,Poland,2018
pszeniczne,bytów,Poland,2018
janse_pełne,bytów,Poland,2019
pszeniczne_z_kolendrą,bytów,Poland,2019
truskawkowe_smaki_ogrodu,bytów,Poland,2017
malinowe_smaki_ogrodu,bytów,Poland,2018
polka_pils,bytów,Poland,2017
pierogarnia_o.mandu-korzenne,bytów,Poland,2017
upalony_walo-ciemne,bytów,Poland,2017
karminowy,cameleon,Poland,2018
zielony,cameleon,Poland,2018
chabrowy,cameleon,Poland,2018
polski_lager,chmielologia,Poland,2017
bezpieczne_zero_zero,chmielologia,Poland,2017
szlachetna_pszenica,chmielologia,Poland,2018
sesyjne_ipa,chmielologia,Poland,2018
hector,chojnów,Poland,1989
basztowe,chojnów,Poland,1995
pszeniczne,ciupaga,Poland,2020
ipa,cornelius,Poland,2018
apa,cornelius,Poland,2018
american_lager,cornelius,Poland,2017
american_wheat,cornelius,Poland,2017
pszeniczny,cornelius,Poland,2016
grejfrutowy,cornelius,Poland,2017
lyche,cornelius,Poland,2017
tropic,cornelius,Poland,2018
bananowy,cornelius,Poland,2018
hazy_truskawka+wiśnia,cornelius,Poland,2020
hazy_grapefrut,cornelius,Poland,2019
hazy_banan,cornelius,Poland,2019
hazy_lager,cornelius,Poland,2019
hazy_ipa,cornelius,Poland,2019
ipa_whisky,cornelius,Poland,2020
pomarańczowe_owce,czarna_owca,Poland,2018
odrodzenie,czarna_owca,Poland,2018
hiperbolager,czarna_owca,Poland,2018
leżak_kociewski,czarna_owca,Poland,2018
caligo,czarna_owca,Poland,2018
dispergo,czarna_owca,Poland,2018
acidum_fructum_rodowód,czarna_owca,Poland,2018
jasna_sprawa,czarna_owca,Poland,2018
porter_noster,czarna_owca,Poland,2018
porter_noster_calvados,czarna_owca,Poland,2018
porter_noster_cognac,czarna_owca,Poland,2018
porter_noster_bourbon,czarna_owca,Poland,2018
kko,czarna_owca,Poland,2019
szato_de_semelin_2018,czarna_owca,Poland,2018
exlib_ris,czarna_owca,Poland,2018
exlib_ris_bourbon,czarna_owca,Poland,2018
acidum_fructum_sour_ale_brzoskwinia,czarna_owca,Poland,2019
strudelbock_koźlak_zimowy,czarna_owca,Poland,2018
qlbae_cerevisiae,czarna_owca,Poland,2019
dwubock,czarna_owca,Poland,2019
vertigo,czarna_owca,Poland,2019
gringo,czarna_owca,Poland,2019
navigo,czarna_owca,Poland,2019
gniewosz-piwo_na_miodzie_,czarnków,Poland,2016
gniewosz-piwo_ciemne,czarnków,Poland,2016
gniewosz-piwo_korzenne,czarnków,Poland,2016
gniewosz-piwo_jasne_,czarnków,Poland,2016
gniewosz-piwo_na_miodzie_akacjowym_small,czarnków,Poland,2016
gniewosz-piwo_jasne_small,czarnków,Poland,2016
gniewosz-piwo_ciemne_small,czarnków,Poland,2016
gniewosz-piwo_korzenne_small,czarnków,Poland,2016
noteckie_bezalkoholowe,czarnków,Poland,2016
noteckie_imbirowe,czarnków,Poland,2016
noteckie_miodowe,czarnków,Poland,2016
noteckie_jasne_pełne_small,czarnków,Poland,2017
noteckie_koźlak_wielkopolski_small,czarnków,Poland,2017
noteckie_spalter_small,czarnków,Poland,2017
noteckie_ciemne_small,czarnków,Poland,2017
noteckie_jasne_żytnie_small,czarnków,Poland,2017
noteckie_bursztynowe_small,czarnków,Poland,2017
noteckie_niskopasteryzowane_small,czarnków,Poland,2017
noteckie_bezalkoholowe_small,czarnków,Poland,2017
izerskie_bezalkoholowe,czarnków,Poland,2017
izerskie_niefiltrowane,czarnków,Poland,2017
izerskie_pasteryzowane,czarnków,Poland,2017
izerskie_pils,czarnków,Poland,2016
walońskie_ciemne_korzenne,czarnków,Poland,2017
walońskie_ciemne_naturalne,czarnków,Poland,2017
noteckie_niefiltrowane_small,czarnków,Poland,2019
rudy_kot_(common),czarny_kot,Poland,2018
biały_kot_(common),czarny_kot,Poland,2018
rudy_kot_(football),czarny_kot,Poland,2018
biały_kot_(football),czarny_kot,Poland,2018
czarny_kot_(common),czarny_kot,Poland,2018
"biały_kot_(many_cats,_black)",czarny_kot,Poland,2020
"biały_kot_(many_cats,_green)",czarny_kot,Poland,2018
"czarny_kot_(many_cats,_white)",czarny_kot,Poland,2018
"Łosiedlowe_noc_na_osiedlu,_całe_ciemne",czarny_kot,Poland,2018
Łosiedlowe_ławka_rezerwowych_leżakowy_pils,czarny_kot,Poland,2018
Łosiedlowe_ławka_rezerwowych_pod_trzepakiem,czarny_kot,Poland,2018
biały_kot_(new),czarny_kot,Poland,2019
błędna_owca,czarny_kot,Poland,2017
aipa,czechowice-dziedzice,Poland,2018
marcowe_niefiltrowane,czechowice-dziedzice,Poland,2018
aipa_v2,czechowice-dziedzice,Poland,2018
hamak,cztery_ściany,Poland,2017
sielanka,cztery_ściany,Poland,2019
krewny,cztery_ściany,Poland,2019
mural,cztery_ściany,Poland,2016
pink_fiord,cztery_ściany,Poland,2018
flaming,cztery_ściany,Poland,2018
hnagar,cztery_ściany,Poland,2018
kamper,cztery_ściany,Poland,2018
gniazdo_,cztery_ściany,Poland,2018
jama,cztery_ściany,Poland,2017
zegar,cztery_ściany,Poland,2017
Ściana,cztery_ściany,Poland,2018
plaża,cztery_ściany,Poland,2018
ranczo,cztery_ściany,Poland,2018
loft_,cztery_ściany,Poland,2018
squat,cztery_ściany,Poland,2018
squeezer,dear_bear,Poland,2017
yam_yam_ramen_ipa,dear_bear,Poland,2018
yam_yam_white_ipa,dear_bear,Poland,2018
lemon_tree,dear_bear,Poland,2018
hoppy_meal,dear_bear,Poland,2018
deer_beard,dear_bear,Poland,2018
black_out,dear_bear,Poland,2019
piwowar_domowy-porter_bałtycki,dear_bear,Poland,2019
piwowar_domowy-coffee_stout,dear_bear,Poland,2019
jasumi,dear_bear,Poland,2017
chocolate_factory,dear_bear,Poland,2019
big_papa,dear_bear,Poland,2018
czyste_złoto,dear_bear,Poland,2019
be_free,doctor_brew,Poland,2016
perfect__lager,doctor_brew,Poland,2016
cascade_ipa,doctor_brew,Poland,2017
double_ipa,doctor_brew,Poland,2017
"27,5_barley_wine",doctor_brew,Poland,2017
"27,5_russian_imperial_stout",doctor_brew,Poland,2017
vermont_ipa,doctor_brew,Poland,2017
strawberry_milkshake_ipa,doctor_brew,Poland,2017
moli_hua,doctor_brew,Poland,2018
azacca_single_hop_ipa,doctor_brew,Poland,2019
moly_ipa,doctor_brew,Poland,2017
red_currant_barely,doctor_brew,Poland,2020
pasibus,doctor_brew,Poland,2019
experimental_vermont_ipa,doctor_brew,Poland,2018
imperial_sweet_peach,doctor_brew,Poland,2018
hansweizen,doctor_brew,Poland,2018
experimental_american_witbier,doctor_brew,Poland,2018
experimental_summer_ale,doctor_brew,Poland,2018
experimental_american_ipa,doctor_brew,Poland,2018
zdenek_pils,doctor_brew,Poland,2018
victoria_american_ipa,doctor_brew,Poland,2018
expermiental_perfect_lager,doctor_brew,Poland,2019
amarillo_apa,doctor_brew,Poland,2019
experimental_molly_ipa,doctor_brew,Poland,2018
mosaic_acid,doctor_brew,Poland,2018
sorachi_ice,doctor_brew,Poland,2018
san_escobeer-mango,doctor_brew,Poland,2018
san_escobeer-_marango,doctor_brew,Poland,2018
perfect_lager_v2,doctor_brew,Poland,2020
summer_ale_v2,doctor_brew,Poland,2020
ostatni_sprawiedliwy,dukla,Poland,2017
Świtezianka,dukla,Poland,2017
pszecitrus,dukla,Poland,2020
miss_lata,dukla,Poland,2018
wielki_szu,dukla,Poland,2019
szalony_alchemik,dukla,Poland,2019
nieproszony_gość,dukla,Poland,2017
pils,dwie_krople,Poland,2019
co_tu_się_odcitrzyło?,dwie_wieże,Poland,2018
orki_z_majorki,dwie_wieże,Poland,2018
elfie_figle,dwie_wieże,Poland,2018
sour_the_graypfruit,dwie_wieże,Poland,2018
czarny_ogr,dwie_wieże,Poland,2018
malinowy_ale,dwie_wieże,Poland,2018
o_wilku_mowa,dwie_wieże,Poland,2019
america_pale_ale,dwie_wieże,Poland,2018
manolo,dwóch_braci,Poland,2019
champion,dwóch_braci,Poland,2020
weizen_no_2,dziedzice,Poland,2018
"pils_3,2_no_4",dziedzice,Poland,2018
aipa_no_5,dziedzice,Poland,2018
taegrys,dziki_kocur,Poland,2018
dachowiec_rockowiec,dziki_kocur,Poland,2019
kwaśny_olek_purple,dziki_wschód,Poland,2020
kwaśny_olek_blue,dziki_wschód,Poland,2018
kwaśny_olek_green,dziki_wschód,Poland,2018
kwaśny_olek_black,dziki_wschód,Poland,2018
czarny_jastrząb,dziki_wschód,Poland,2019
płonąca_strzała,dziki_wschód,Poland,2018
blada_twarz,dziki_wschód,Poland,2019
dziewczyna_szamana,dziki_wschód,Poland,2018
tępa_dzida,dziki_wschód,Poland,2018
borys_kuoodporny,dziki_wschód,Poland,2018
rastaman,dziki_wschód,Poland,2019
king_kong,dziki_wschód,Poland,2018
e.tea,dziki_wschód,Poland,2018
wschowskie_piwo_o_smaku_czekoladowym,edi,Poland,2018
vienna_lager,fabryka_piwa,Poland,2018
disco_nite,fabryka_piwa,Poland,2018
pol!zei,fabryka_piwa,Poland,2018
bok_bok,fabryka_piwa,Poland,2018
deep_space,fabryka_piwa,Poland,2018
maori_kiss,fabryka_piwa,Poland,2018
chickorius,fabryka_piwa,Poland,2018
hoppy_hour,fabryka_piwa,Poland,2018
rakau_in_krakau,fabryka_piwa,Poland,2018
summer_memories,fabryka_piwa,Poland,2018
pacific_avenue,fabryka_piwa,Poland,2018
cascadian_twilight,fabryka_piwa,Poland,2018
ibusaurus_americanus,fabryka_piwa,Poland,2018
mr_john_smokey,fabryka_piwa,Poland,2018
red_dwarf,fabryka_piwa,Poland,2018
calamity_jane,faktoria,Poland,2016
zeppelin,faktoria,Poland,2017
calamity_jane_v2,faktoria,Poland,2017
deadwood,faktoria,Poland,2016
winchester,faktoria,Poland,2017
rio_bravo,faktoria,Poland,2018
miłosław_pilzner,fortuna,Poland,2016
miłosław_witbier,fortuna,Poland,2017
miłosław_niefiltrowane,fortuna,Poland,2016
miłosław_blond_ale,fortuna,Poland,2017
miłosław_marcowe,fortuna,Poland,2018
miłosław_bezalkoholowe_ipa,fortuna,Poland,2019
miłosław_koźlak,fortuna,Poland,2018
_warzy_śmiało_sosnowe_apa,fortuna,Poland,2017
warzy_śmiało_klonowy_milkstout,fortuna,Poland,2017
warzy_śmiało_żytnie_session_ipa,fortuna,Poland,2017
warzy_śmiało_black_ipa_z_yuzu,fortuna,Poland,2018
warzy_śmiało_borowikowe_ale,fortuna,Poland,2018
warzy_śmiało_american_witbier,fortuna,Poland,2018
warzy_śmiało_single_hop_saison_ipa,fortuna,Poland,2019
wild_sour_pigwa,absztyfikant,Poland,2018
komes_podwójny_ciemny,fortuna,Poland,2017
komes_potrójny_złoty,fortuna,Poland,2018
komes_poczwórny_bursztynowy,fortuna,Poland,2019
komes_belgian_ipa,fortuna,Poland,2019
komes_imperial_ipa,fortuna,Poland,2020
komes_porter_bałtycki,fortuna,Poland,2020
rabarbar,fortuna,Poland,2019
mirabelka,fortuna,Poland,2019
Śliwkowa,fortuna,Poland,2020
czarne,fortuna,Poland,2020
kwaśna_pigwa,fortuna,Poland,2019
wiśniowa,fortuna,Poland,2020
perry,fortuna,Poland,2016
cydr,fortuna,Poland,2017
komes_porter_bałtycki_płatki_dębowe,fortuna,Poland,2020
rabarabar_edycja_specjalna,fortuna,Poland,2018
deep_funk,funky_fluid,Poland,2019
whatever,funky_fluid,Poland,2020
halftime_neipa,funky_fluid,Poland,2020
fulltime_ne_dipa,funky_fluid,Poland,2018
hopbeat_dipa,funky_fluid,Poland,2020
evereyday_hazy_apa,funky_fluid,Poland,2020
gonna_be_late_west_coast_ipa,funky_fluid,Poland,2020
alltime_hazy_ipa,funky_fluid,Poland,2020
low_non_alcohol_ipa,funky_fluid,Poland,2020
amerykański_sen,fuzja,Poland,2017
słodkie_kłamstwo,fuzja,Poland,2017
zawodowy_gracz,gentelman,Poland,2018
nomada,gentelman,Poland,2018
sztos,gloger,Poland,2018
krasna_jędza,gloger,Poland,2016
płocha_gocha,gloger,Poland,2017
pieprzna_zośka,gloger,Poland,2017
wesołe_ziele,gloger,Poland,2018
piernikowa_chata,gloger,Poland,2018
bosa_rosa,gloger,Poland,2019
baba_z_berłem,gloger,Poland,2019
"gol,_gol,_gol",gloger,Poland,2018
atomowy_morświn,golem,Poland,2017
etz_chaim,golem,Poland,2017
natracie_pszenicy,golem,Poland,2017
pieprzony_grodzisz,golem,Poland,2017
etz_chaim_lite,golem,Poland,2017
czterysta_czterdzieści_i_cztery,golem,Poland,2017
naftali,golem,Poland,2017
hopken!_hopken!_2.0,golem,Poland,2020
pils,golem,Poland,2018
mazal_adar_dagim,golem,Poland,2018
gehenna,golem,Poland,2017
double_dybuk,golem,Poland,2017
lilith,golem,Poland,2018
introwertyk,golem,Poland,2018
ekstrawertyk,golem,Poland,2018
choleryk,golem,Poland,2018
stoik,golem,Poland,2018
dybuk,golem,Poland,2018
clutchmeister_(red),good_game,Poland,2019
clutchmeister_(purple),good_game,Poland,2019
mid_or_feed_(blue),good_game,Poland,2019
mid_or_feed__(pink),good_game,Poland,2019
runiczny_młot,good_game,Poland,2019
battle_royale,good_game,Poland,2019
caribbean_stout,gorzka_prawda,Poland,2019
sweet_milk_stout,gorzka_prawda,Poland,2019
gwiazdor_(red),gościszewo,Poland,2017
rycerz,gościszewo,Poland,2018
drwal,gościszewo,Poland,2019
komtur,gościszewo,Poland,2018
sołtys,gościszewo,Poland,2019
rybak,gościszewo,Poland,2019
hipis,gościszewo,Poland,2019
gwiazdor_(blue),gościszewo,Poland,2019
ogród_mistrza_witbier,gościszewo,Poland,2019
55_pils,gościszewo,Poland,2018
niter,gościszewo,Poland,2018
elektryk,gościszewo,Poland,2018
spawacz,gościszewo,Poland,2018
red_ale,górniczo-hutniczy,Poland,2020
pils,górniczo-hutniczy,Poland,2020
pszeniczne,górniczo-hutniczy,Poland,2020
grodziska_apa,grodzisk,Poland,2017
grodziska_white_ipa,grodzisk,Poland,2018
czerwona_porzeczka,grodzisk,Poland,2018
kwiat_czarnego_bzu,grodzisk,Poland,2017
piwo_z_grodziska,grodzisk,Poland,2018
vermont_ipa,grodzisk,Poland,2018
bezakloholowe_mango_ale,grodzisk,Poland,2020
paker_mocny,gryf,Poland,1995
lu!_specjal,gryf,Poland,1995
stout_owsiany,gzub,Poland,2019
saison,gzub,Poland,2019
white_apa,gzub,Poland,2019
